candidate,sha256,path
current_p2publicfix7,6c4cd1dcb30def669bfd674ac7b3a0d53e7ef8ae917ce102c907a754a32d921b,README.md
current_p2publicfix7,371477b126dd93df93ee875470ed6ddec3af44b4511287d801342a7ef1d5a0a1,pyproject.toml
current_p2publicfix7,bf1aaf293bfc0784c5b5c7eb335b2fa65874bf653a021c017c4c13b0de51ced4,src/knowledge_engine/._m26_sealed_kernel_trace.py
current_p2publicfix7,e9f5720c734f345a653efc3f01a56a3e4d8e86e096eeddf1a9c58fffc99cde52,src/knowledge_engine/__init__.py
current_p2publicfix7,349558a5387d4e2ef2129382678c9c40c9bafb3e586ee6c26a92bf8165642113,src/knowledge_engine/_m20_embedding_benchmark.py
current_p2publicfix7,9583406ebee85ef4937e43e24daf206092d20595cd755264f840785dad3986dc,src/knowledge_engine/_m20_embedding_common.py
current_p2publicfix7,130e791e4e94dfdaa4bd5004b3921a625cb415b8f69339c619e42193bfe0247c,src/knowledge_engine/admin_traces.py
current_p2publicfix7,6ca97f2a6ee33342f1f42f1490443a39968db3e76b0d2e0b7db1d73770cc64bc,src/knowledge_engine/answer_performance_metrics.py
current_p2publicfix7,a43beb03f109138c1f462fa86591f0c475dfa13a6dc2ea8128b1e723ee6252ef,src/knowledge_engine/answer_performance_metrics_v2.py
current_p2publicfix7,4ca1afd0cb60110084a7b982f5b131ef73ca9ee9536e16a663637fef6868975d,src/knowledge_engine/api.py
current_p2publicfix7,50cd1f2cacd38c079a3893d0cf7a78e27d02febc0fd2b27ab1ed5797bd926bb0,src/knowledge_engine/auth.py
current_p2publicfix7,d7df4728d486396b0513a2496bcc25fb8fc90c14be5a96d1f3651a3a9070a13d,src/knowledge_engine/batch_cli.py
current_p2publicfix7,09d6372bd12b413dafecbb57e374a2c9444174612ad50c6f8666723be9e5ff8d,src/knowledge_engine/batch_lifecycle.py
current_p2publicfix7,ee504b8dd7b315381c5b286635f8bf29d5329562f497db12f4fd935f665340eb,src/knowledge_engine/batch_registry.py
current_p2publicfix7,82dc74db177513e7da2da6111e977217115a787fbb477595c5c83086f82aa196,src/knowledge_engine/batch_spec.py
current_p2publicfix7,795283cd745ed5c7c947e6e0ec794f2eab0b5dd5d06e87708c9584d1f1388be2,src/knowledge_engine/candidate.py
current_p2publicfix7,6592bd1f436dcbb23cd9a931443fac7e884f35459b6f2ceec16c1136b90c36af,src/knowledge_engine/cli.py
current_p2publicfix7,a719f31b53f2ab6657f381e14a3847b1a48cc8de78073b9d6308607bb74a0c63,src/knowledge_engine/compiler.py
current_p2publicfix7,aec907b68852f787b0a4fa7a6f1701b0c73a4906a4503ea2bca4033528e8efc6,src/knowledge_engine/compiler_contract_v1.py
current_p2publicfix7,0dc27cbe5cc9c486bb1f8cdd8ca0618dd562ee03be0acc1c2ffcde9aed1bcb45,src/knowledge_engine/compiler_evidence_v1.py
current_p2publicfix7,b86da9e9df806e4f86ec39ef900575be3dca6f1bf68016de50d4243097a2c4a3,src/knowledge_engine/compiler_m11_closure_v1.py
current_p2publicfix7,2dadbee79ad9ada2f78885deb5b0f23d22eebc33ed8d05ee221d047b1c0979b8,src/knowledge_engine/compiler_m11_closure_v2.py
current_p2publicfix7,c864cefe777e168ebc76a90ce7b0f9cb2adaaebdc49f374c5d47831ee5c637ac,src/knowledge_engine/compiler_markdown_v1.py
current_p2publicfix7,26723b88ef9ebabb31bc1f96618ab907c6bd885e29206a806bc0ecb57556693c,src/knowledge_engine/compiler_resolution_contract_v1.py
current_p2publicfix7,1488324fcc14d42e3e84a99840118f44d40b45faeadf4227491d33a60d2426f7,src/knowledge_engine/compiler_resolution_v1.py
current_p2publicfix7,495b9886fe3632c69d800737b23cb75dfd4f7349e3c280f6ed0239ac907cf978,src/knowledge_engine/compiler_review_decision_contract_v1.py
current_p2publicfix7,d0c978e3c11508c58476105675757bfaf2bbf982818efd5be406eaf0334c39f9,src/knowledge_engine/compiler_review_decision_v1.py
current_p2publicfix7,9d2f6acbbfe963c5cbe1320e9af0cb67aead2fba71f16690a56079f7412dc7ff,src/knowledge_engine/compiler_review_packet_contract_v1.py
current_p2publicfix7,b6a5d048406d6aef1e9cba6075f165f608ada52e6ce89933aadf06ffc9c71d6b,src/knowledge_engine/compiler_review_packet_v1.py
current_p2publicfix7,220737857162bd6da9866e0e4f9bdb7be5c6008f3e517e7be029aaba950b3347,src/knowledge_engine/compiler_source_pr_package_v1.py
current_p2publicfix7,c64c2bffe189b8ba484ee429055f9f6d0765b03112a31aa2fb0d666992678329,src/knowledge_engine/compiler_source_v1.py
current_p2publicfix7,3cbec060f4c6d2b9873c9362fe79ef55e3436cd82d83d1dbdaebc3b4bb9765e3,src/knowledge_engine/compiler_synthesis_contract_v1.py
current_p2publicfix7,5a65d551f34055d518b5773f15df5f6fae6f437e44c926d526f33330b0f2da06,src/knowledge_engine/compiler_synthesis_v1.py
current_p2publicfix7,93e9fee9a1fcadf3fb97488e4ff517d34ce6861bbb9d8b8b3e9132f59460ada2,src/knowledge_engine/compiler_v1.py
current_p2publicfix7,1827851c0f9b1459c4910976fc5fae88594bf5b5ffb6a456b9820837e81fdcfd,src/knowledge_engine/config.py
current_p2publicfix7,d9dcef01646831422dba7e9516b445ebe616d8893400d63f7a4a778c0d6e4c27,src/knowledge_engine/database_bundle.py
current_p2publicfix7,3aca1f13ac51020d5babfc64e7075f35d020c7613b82b61f5a373bd90277d181,src/knowledge_engine/database_intake.py
current_p2publicfix7,0d9b75a80370a5f009cc47a71a7cdca270f26b0853b2504a7d5414a61099d419,src/knowledge_engine/delivery.py
current_p2publicfix7,757d35b99376265d55d70d3601432ae6044d7b59d2d9b7ef31b03d8a2a3c6d58,src/knowledge_engine/drive_client.py
current_p2publicfix7,6e3870074e1c0349c6c33fa913e06ee00b9ef26b14b106fdc080bd45a7827fe0,src/knowledge_engine/drive_intake.py
current_p2publicfix7,873f26cbd4f64429d34c0c5ea759aaea58cab95feb81b4d2fb259cad02218463,src/knowledge_engine/errors.py
current_p2publicfix7,84fdfadd6e69172fe4f09675774cc407afb2873b153b0b137374b0fd58e8fb82,src/knowledge_engine/git_intake.py
current_p2publicfix7,3289bc9c8cb1bedf394a2bd99650f640b0635ef6a3bd58778a514973d5c248b2,src/knowledge_engine/golden_query_baseline.py
current_p2publicfix7,0701a6eb7e3b68b92f08ed09d7b4aa7e17612172f5be8f569f85b93ebeab31de,src/knowledge_engine/golden_query_suite.py
current_p2publicfix7,06b5a0a35436b25b141380df5c1af80f72a46de683b5be502d9bc76606c55f3d,src/knowledge_engine/graph_v2.py
current_p2publicfix7,d45137d096dc16518061a6aec51e2ac768d2778b216d54018e31219f780df0b8,src/knowledge_engine/idempotent_replay_approval.py
current_p2publicfix7,ee301ebf12fa52ab628da8f55280debc91654d78993ca03a625b60feac35b20e,src/knowledge_engine/idempotent_replay_approval_history.py
current_p2publicfix7,760eb805aec2a7468a22059428c30bea37a495c576004468c205813918bdfea4,src/knowledge_engine/intake.py
current_p2publicfix7,7cb8688a4bdce7ea9816229a2b0d373f5d1cf3d2eef791b895142dcd9d1d6805,src/knowledge_engine/intake_cli.py
current_p2publicfix7,124d486a50421aeda2ff6954ec00d9faae2c39ed78e071f9e8db2f1b62c3f510,src/knowledge_engine/intake_v1.py
current_p2publicfix7,8e10427c2ffdc92af3bf1f85ca48b811a99e7605ceefdc7d1dafb25885aaff51,src/knowledge_engine/ledger.py
current_p2publicfix7,0c9715551f9d133ffd52eb100241dd64f8578df025c2eec670a8a7349a63f900,src/knowledge_engine/m12_final_gate.py
current_p2publicfix7,4bc4eeb0591e62f2b4dacdfa568d80b7f3b747dea18aa060bc6ce6bf452bec61,src/knowledge_engine/m12_final_gate_v2.py
current_p2publicfix7,aed0b71938988baa409f79c32d90389dd545c17ef83b9def7d3470d61e689ec7,src/knowledge_engine/m13_abandonment.py
current_p2publicfix7,9bba721ce363e0ac304df9dedd2708ff254fd50da0af73c63f4d04ad8ae72451,src/knowledge_engine/m13_acceptance.py
current_p2publicfix7,f555b4e47500838724f293ae4aaabc12c17a1777cb5a4d864eb29c5b95dfa7c6,src/knowledge_engine/m13_acceptance_common.py
current_p2publicfix7,6489e9d1f8ca862554568fcf44e682537f8bc05dea822ef4e0224537128cd8af,src/knowledge_engine/m13_acceptance_flow.py
current_p2publicfix7,3bf3fc794cb2881dc7e1ffa42878b3d1606f284bda5d269c6c687ddc6394ae4c,src/knowledge_engine/m13_candidate_coordinator.py
current_p2publicfix7,bbf547d2e9b5222f5f4c1665b5fb0229b8c7fa01a7c5cab5b17fadfb031b3ceb,src/knowledge_engine/m13_cli.py
current_p2publicfix7,da966065177032147a67d51f44aca9b9827b474aaf0c2fa366eb29aa80b73132,src/knowledge_engine/m13_closeout.py
current_p2publicfix7,77c74e9b253f818971d9e5b1cb44a32746b51935bc42e6327e11f8fa979b116e,src/knowledge_engine/m13_contracts.py
current_p2publicfix7,45a80f7decb583dde5a2bb992021eae5f2b24a7066d8bcba36d4b96ec5ea1236,src/knowledge_engine/m13_coordination_common.py
current_p2publicfix7,034c87d7c9dfa6587428eb2d2530dba1edfe580f4474366ce5d17f486183603b,src/knowledge_engine/m13_coordinator_v2.py
current_p2publicfix7,3299dafd8105bd6e98c1883ec8515e4d2064ba9727cc87c92a713d1a2a00a1c4,src/knowledge_engine/m13_lifecycle_common.py
current_p2publicfix7,4c950df7214745266a1df9aea59df4a669e63c0a85ce463801efbc92d0e5fee2,src/knowledge_engine/m13_lifecycle_rules.py
current_p2publicfix7,1985a474c014d89651e7baf816f53be10abd8d66994aeab796101c94a6720af1,src/knowledge_engine/m13_operator.py
current_p2publicfix7,4f99793e2c733b457529233fc32b192cad16762f89273432cf748881f1f313b9,src/knowledge_engine/m13_production_commit.py
current_p2publicfix7,a34bf074920653404ede0a7da6dd5dea4bd1445381c5c22c61a84429501d6cd5,src/knowledge_engine/m13_production_lease.py
current_p2publicfix7,bf5549f12fd1c480fa0910924281da2eb2f72055c14ac8d843d8e502f1bd95d4,src/knowledge_engine/m13_production_mutation.py
current_p2publicfix7,ac9c7bb486253a96444b1e43836753280b1d24e0ac1a918c0a78b0f53b33490d,src/knowledge_engine/m13_production_permit.py
current_p2publicfix7,7e5309caa3df84fb6d1909996e0a6313ad5763f94f91ee903fe7c54d3af27882,src/knowledge_engine/m13_rebuild.py
current_p2publicfix7,bfd54bbdad11193dea223acd6135e1762e7541b4730c890329bc7a03e457c1fe,src/knowledge_engine/m13_registry.py
current_p2publicfix7,817f86370d720cb06b8d9ef5794cdd7eb2a4a9d805ff57ff58a43bb5c9e5e6f4,src/knowledge_engine/m13_release_comparison.py
current_p2publicfix7,8dec3dbc5babf4accc4e6d8cf9797fc76332dcbf03da2fa305855bf6caec3247,src/knowledge_engine/m13_release_inventory.py
current_p2publicfix7,0aa2eac4030eebe7057ae77a0d57baf116a85365fc2ac266cceb672dbac0c7ad,src/knowledge_engine/m13_retention.py
current_p2publicfix7,68949ec30a9e525101c234efa566147b2256a3120d9d5420f20b0330f53f33b8,src/knowledge_engine/m13_supersession.py
current_p2publicfix7,a069f4f1128da0ebc567401b993877fed3f6f1b1ecf159bcb15c8044b7c2fed3,src/knowledge_engine/m14_acceptance.py
current_p2publicfix7,833f4cb32e9a085de48ec26a419dfc2f4bc9613a3635e0920d3b2235e3a9db49,src/knowledge_engine/m14_citation_evidence.py
current_p2publicfix7,ba24e6637f48599e567d6187480896dd99659dbe08705fcacc718ee5c8bfb66e,src/knowledge_engine/m14_citation_runtime.py
current_p2publicfix7,bb5bf2b87f4a769f9c2e27902767b9088c071e04168ae74b42b00aad5e1f3126,src/knowledge_engine/m14_feedback.py
current_p2publicfix7,b8f5e3463a8984515582fd6b6e5f2bc89277284635d69acab95ee56e6988e687,src/knowledge_engine/m14_feedback_contracts.py
current_p2publicfix7,028f6e4ca1b6694ff87a58f496b19a42101668cc4ebe80ca025f639801bd1f0c,src/knowledge_engine/m14_feedback_edge.py
current_p2publicfix7,b42fb3e47a9b7a2ef5d61f5ad179be3d622d3019500bc91438e77e706d3561ee,src/knowledge_engine/m14_feedback_widget.py
current_p2publicfix7,fef44b2f20002e58b3d72721974cdd307a93e0a660aa76ff1bbce483d2ceb155,src/knowledge_engine/m14_interfaces.py
current_p2publicfix7,95fb709fb99bef2bc631e4770cc0e4559cd7ac81d184b2e2d818520900434d1c,src/knowledge_engine/m14_public_contracts.py
current_p2publicfix7,f7f8632c0ba498848edadc3468716f7c84e593054cf0531aec12548d889e7715,src/knowledge_engine/m14_retrieval.py
current_p2publicfix7,d24d8d57376eb7d57dd62dddb43488578a72a5e710071a206f3ef154daea2e48,src/knowledge_engine/m14_section_index.py
current_p2publicfix7,da5e79a197ad5bbdb755504b48accebc78a8a0a8818559bf05a20dca55705000,src/knowledge_engine/m14_security.py
current_p2publicfix7,427748672c143eee0f6d5dab9dcbe4fd6147ca1cf4e015115412f4fed159a6df,src/knowledge_engine/m14_security_contracts.py
current_p2publicfix7,b60c3d3401c6b2fb316e2a7ad426662f7bdfa2a36d5f6ad995a312b672a84b7f,src/knowledge_engine/m14_source_cards.py
current_p2publicfix7,32c99fb2e636b59900a0a2f749304f5fe1baaa5ee1412f4e8a1df30994d58e30,src/knowledge_engine/m15_alerts_daily_report.py
current_p2publicfix7,d5d3ebb9d85d678a006b9d5c0292bf94ca49c4738a407c14f6bdaae3d59a45a8,src/knowledge_engine/m15_feedback_triage.py
current_p2publicfix7,3ce18f7d6053371eb72430bec82f83074e1b9f8daf7cae9c4ea7b309875e741d,src/knowledge_engine/m15_freshness_impact.py
current_p2publicfix7,651a66f2c1ec7eab1a07bb2403552654c199556c60b659b0dc1515e3a46c10ef,src/knowledge_engine/m15_governance_health.py
current_p2publicfix7,c33cc0cc94bab12510eaae37565ba71d86e8728749d642a707604ba707f157a6,src/knowledge_engine/m15_observability_contracts.py
current_p2publicfix7,4d4c103131d3283bfeb1456ebee561b54a94e1c6b4f772670c63bc74da111f5c,src/knowledge_engine/m15_release_health.py
current_p2publicfix7,3264c11bc09b9e728dbc9cd5c41a69200346c4584511627d331344b2d2ab8048,src/knowledge_engine/m15_runtime_telemetry.py
current_p2publicfix7,c8d9ad9f34f9b0724e11f8addcc6edd3203bcb23c3560e40575b348f2fb3ad2c,src/knowledge_engine/m16_acl_injection_security.py
current_p2publicfix7,1833a2c8668e931a4b01062af451e672981613b6c19a209119470c1d33ed800b,src/knowledge_engine/m16_promotion_containment.py
current_p2publicfix7,3096197d8a020c395d0e44ee23641d78c30fcac10827c66578025dd6a8eba892,src/knowledge_engine/m16_r2_object_restoration.py
current_p2publicfix7,6a1281f55da26d03611f626a250a7fcbf299d2163c0525c3495f6b34e9e838a0,src/knowledge_engine/m16_replay_recovery_objectives.py
current_p2publicfix7,d70d93f8cd83e65fd550607c8da8c0921d440cf4cf7688b27437774640f43bc5,src/knowledge_engine/m16_restore_drill_closure.py
current_p2publicfix7,c5cf33ccf7ac7d8766ea222641fd937070f67e6ceea030e434b6238d403f4577,src/knowledge_engine/m16_security_contracts.py
current_p2publicfix7,5ca61f143c65acfaecef88002c4500a445b3c7a2e4dd2979b024ae0a01e31137,src/knowledge_engine/m16_source_control_plane_reconstruction.py
current_p2publicfix7,4add124937ae442093b86fc035c5be525adccf48b6aff26d91b28f8e6e4dc8a9,src/knowledge_engine/m17_architecture_canon.py
current_p2publicfix7,28a8f6a6b9f2c88fba3f3dca97095eed7075899dc3392f9392e9c37ab0fe8fd7,src/knowledge_engine/m17_failure_atlas.py
current_p2publicfix7,64865dd2f7353b82a4faed27abbd54bb1b4b1c24fd6718a8e6512fad7acb1a5a,src/knowledge_engine/m17_ga_acceptance.py
current_p2publicfix7,24a07b0fd7a93f7ae2a9648d64c361553ff891c683733d4b2cc3a359cb56ac0e,src/knowledge_engine/m17_ga_acceptance_cli.py
current_p2publicfix7,d0e820cef7aa337708626780a937730ce81de1d09cebfb03ed12de266352e996,src/knowledge_engine/m17_ga_evidence.py
current_p2publicfix7,aa9d1d9b7a785ef3b3507f125f27de34ca51c73a4e9d18360d17be726ef6175d,src/knowledge_engine/m17_operator_qualification.py
current_p2publicfix7,d1fa5ad6cebc606bb3388b66a3573dd0eb31fd90c3767f79cd3d0aa87cc9199f,src/knowledge_engine/m17_operator_qualification_cli.py
current_p2publicfix7,b6af5ad29c966ead62a0191f8f2552d4d1f86fc713798190d2a8bcaa05962fcc,src/knowledge_engine/m17_operator_runbooks.py
current_p2publicfix7,00d9d4ec1542ceb9c708a868bd10d1ab7787b5a7998f446a27c36e1434b57ed6,src/knowledge_engine/m17_operator_tooling_contract.py
current_p2publicfix7,fd2470964d30fd35b53bfaa796e9922adfb0e7c16ebe7590a3c3c25257741496,src/knowledge_engine/m17_operator_tools.py
current_p2publicfix7,65a3dc899ea931c1234ff912e6e72dbbd48e0c84c893733d0fbe140c9c6612f5,src/knowledge_engine/m17_operator_tools_cli.py
current_p2publicfix7,15b066e889e5c80f6110affb5787a87833f28daaafc1144aaa62e68e078da147,src/knowledge_engine/m18_m22_final_audit.py
current_p2publicfix7,002fb842e541e0d78ed37214f767740e84e50e82abd456b4659c5f7e2bdd77cd,src/knowledge_engine/m18_phase_a_closure.py
current_p2publicfix7,ce132ecbc0b882dedadf983ec91115676a05452560d540329861f7bffa871620,src/knowledge_engine/m19_graph_api.py
current_p2publicfix7,db42f2616b5abfc83eeb9e68c1a1d7db3de89bab383ba7621073fa678d899bb1,src/knowledge_engine/m20_embedding_contract.py
current_p2publicfix7,a50747574d46d4a33f7a096ab043f87754a174b32cd8d7f8ba3ce280bd162135,src/knowledge_engine/m20_hybrid_fusion.py
current_p2publicfix7,370099109c9ac1c35eb47a7a5d407a760f7086e1859123b8d478ace0fff0f0bc,src/knowledge_engine/m20_lexical_enrichment.py
current_p2publicfix7,05930b1a2ec371a3a2ed166c4a0cba199474eb4114b4a8fe4874c57efbf9841a,src/knowledge_engine/m20_phase_c_acceptance.py
current_p2publicfix7,d76b14c16a66e27a664e355e6ed03f583dd88f2b1879fda72e8919a00e2422d0,src/knowledge_engine/m20_retrieval_modes.py
current_p2publicfix7,46e041ae6493d37162ad35d5c4827e5afe8e162e2d8a69c52fd4d67ea66a8f60,src/knowledge_engine/m20_runtime_semantic.py
current_p2publicfix7,ed54ad16d5c2246b0f666bab0c1325af09957dfdb7a3ea7d87aa486d6f7329dd,src/knowledge_engine/m20_semantic_artifacts.py
current_p2publicfix7,28b20a38d6ea02d2e6d10196c54a5297f1b531b96884321c81f4eb4cf7498b63,src/knowledge_engine/m21_blog_inventory.py
current_p2publicfix7,814977bc8058dc3edb4c27f72699f0369f7e5a8710b496bb015317b5989e8f22,src/knowledge_engine/m21_entity_resolution.py
current_p2publicfix7,f793a7d4aa47142f84f4ea3b7c0b38c6bdc6b776337d9e64d9db3cc3fa661899,src/knowledge_engine/m21_extraction_candidates.py
current_p2publicfix7,4f290e5e3feecef2d84bf5c44f6fea24edebfe70529df076cc9fdeb4baf3472c,src/knowledge_engine/m21_governed_relations.py
current_p2publicfix7,7c56f3edc15f176a7df61dfe362804f4f2ad3ac8f7e9b0d451d43c74310d003a,src/knowledge_engine/m21_phase_d_acceptance.py
current_p2publicfix7,b6b5affef63c2ccbfee46f5269616ab2b7ab41864c8bded79a805c21f6538273,src/knowledge_engine/m21_resumable_batch.py
current_p2publicfix7,1be5e3a6f53dc38d69113d5967414f5d72f0e890fdad7c25900afa7d1f1494f7,src/knowledge_engine/m21_review_source_pr.py
current_p2publicfix7,f05e88c19ed4e7ac9bee8fb87b4af895cbac47736ce9f1fca4ea3154729ece60,src/knowledge_engine/m22_activation_decision.py
current_p2publicfix7,bbe0e07a1f09b497634be4bd31f34cec809fd1855d37e6f219595142af9966e4,src/knowledge_engine/m22_bounded_plan.py
current_p2publicfix7,aeb9082289a601cfd8cee4da192a14fc799691f3f76e3ed43b140bf60efe9e66,src/knowledge_engine/m22_execution_trace.py
current_p2publicfix7,ff6117968b0a64a415362ee1107a439b7621ef2d6d017e469865bee04771a2d8,src/knowledge_engine/m22_grounded_answer.py
current_p2publicfix7,91c83010aeae388e6385cd66c203fa9cd3b666dcfdc68659fcdf86c0d015f7ba,src/knowledge_engine/m22_offline_evaluation.py
current_p2publicfix7,c9f1e072e05919ec38f6931977ac1fa639222ef029b9b7e313e6526964318dfc,src/knowledge_engine/m22_phase_e_acceptance.py
current_p2publicfix7,9aef86f383da0506993bcc28c1cbc6ab416d83fb61dc79e4b65d1ed6bcb3dae8,src/knowledge_engine/m22_reasoning_modes.py
current_p2publicfix7,2bb18c276e41d0c89ebfb77a2bbf9f6f4cfbbe7aa7e3753258f84ecbb722253c,src/knowledge_engine/m23_6_acceptance.py
current_p2publicfix7,70298ec139581666ba95c956098cdf1833eeaad86b4a6a89662f4cc2ac105a89,src/knowledge_engine/m23_7_2_offline_retrieval.py
current_p2publicfix7,a38e994cba7c6d563bb60a17e39f6b8d3cf328388d969246b1ea4a7dd43f508e,src/knowledge_engine/m23_7_3_shadow_replay.py
current_p2publicfix7,61bf69c77731ff44440cd74684fb407e671baac8803bb853d6619e500f92987a,src/knowledge_engine/m23_7_4_candidate_answer.py
current_p2publicfix7,56f912986cbf0b865fea4da969c3f13348ca0b1ce512fc47b058728de9502249,src/knowledge_engine/m23_7_5_latency_diagnostic.py
current_p2publicfix7,12c6f7c6defda566588597df55dc7cad255a7f9a89d2bed8be0b7bf5fe3305c3,src/knowledge_engine/m23_7_5_live_shadow.py
current_p2publicfix7,e3ac6206ee6808c256814bd419788a505dcee4ffd1521920173eaafbdc4e47c5,src/knowledge_engine/m23_7_5_qdrant_strict_mode.py
current_p2publicfix7,75f5a037867bac83a1637e73d1a392889b5d27fbdabb85b7f832df036f4f79ac,src/knowledge_engine/m23_7_6_failure_rebuild_rollback.py
current_p2publicfix7,b956b39c0f255c2c45f88331d27a97fb65747085f6fc2ed4cef982177b6c6519,src/knowledge_engine/m23_7_7_final_readiness.py
current_p2publicfix7,b720b56d67fde82d87a2ee267aad7797af0a69837a9381a53fac63350d269e03,src/knowledge_engine/m23_7_7_operator_qualification.py
current_p2publicfix7,3db02f376b7b2afae6114e46653753ed344b247a31edb726500f48183e456aa7,src/knowledge_engine/m23_7_8_final_decision.py
current_p2publicfix7,2b00debc3dd055f2fdec8ae4c24f12eb1f5fa419f06fa0d3a2342b100ae8de45,src/knowledge_engine/m23_7_acceptance_contract.py
current_p2publicfix7,1a24aa6d2120bb89f751f4d79da9ad65da6b7a4d07082df3c95dd4e6c174c444,src/knowledge_engine/m23_7_offline_retrieval_evaluation.py
current_p2publicfix7,9a81f84b3df40934472ca1619025cc275d84e7c60f7ba7c599d3668ccdfd0f6b,src/knowledge_engine/m23_7_quality_contract.py
current_p2publicfix7,2305c27b4cc5cb4a5dcc97b2e99c2cc608fd1f77cb2ad281b0bf390e17b15e8f,src/knowledge_engine/m23_7_r1_semantic_alignment.py
current_p2publicfix7,9ff329733bc08d91f763343cc4647e8edbec03cdfd9a01105289de47e9e9d6da,src/knowledge_engine/m23_7_r2_latency_path.py
current_p2publicfix7,3192b3e30f160ba0458a456d34f08db5a684270a647e09428744ba33c0d107dc,src/knowledge_engine/m23_7_r2_regional_binding.py
current_p2publicfix7,388a94c638aa0a69b0c24e5c53ebb280dad446b9082d40ec7cf167f6081e32de,src/knowledge_engine/m23_7_r3_1_fixture.py
current_p2publicfix7,8bc4ecdc982f06f9503c5292bd1041576cbe5a13138359c35a19be9496c93faa,src/knowledge_engine/m23_7_r3_1_root_cause.py
current_p2publicfix7,c500237aab4c8281deeaeec9fd60935258de2b1d9b25e0e5599b57ec5e7db8a7,src/knowledge_engine/m23_7_r3_2_semantic_payload_repair.py
current_p2publicfix7,f6b7b2171a4f9211fe932d43dc76918dcf1386d86c2165024bc4855bdd3b6039,src/knowledge_engine/m23_7_r3_3_offline_rebuild_evaluation.py
current_p2publicfix7,70e728b15b8ec2faa279f83cc48c2ad12a5c909f5d81c51e58f63416139b8b31,src/knowledge_engine/m23_7_r3_3_offline_rebuild_evaluation_real.py
current_p2publicfix7,5ab12df6fc2ef8b81463bf50acd54a2d8f95880ec5714e7aad8b60316ce5d00f,src/knowledge_engine/m23_7_r3_4_target_discrimination_repair.py
current_p2publicfix7,2e703fadd70f08a38742ad07ff16df4a930c4df29556e87d012949ec797f5904,src/knowledge_engine/m23_7_r3_5_rank_quality_calibration.py
current_p2publicfix7,45422510d1081e0e2d3f9e12f918b26c3a976c25c001b7e6766ea950c995d7c9,src/knowledge_engine/m23_7_r3_5_rank_quality_calibration_runtime.py
current_p2publicfix7,43d2f4c7a239678f9278d4505a2f404fce0bb1f1c911e04d0daa2c4dc7693f99,src/knowledge_engine/m23_7_r3_6_candidate_reingestion.py
current_p2publicfix7,4706ff887f6cb31ff0c21ff8a5bfadc5cadf5a96b78ca4e56f5c573b9cdd1459,src/knowledge_engine/m23_7_r3_7_live_acceptance.py
current_p2publicfix7,cba257fbc41cc15b67f4f04f7094a84e88dd27dad50dcf1ba47d7a98d2da4c38,src/knowledge_engine/m23_7_r3_8_latency_repair.py
current_p2publicfix7,8222a92cff8306cb8a94a65a315f52fb0c011cf3bbab842cd54a7b202af8ab7a,src/knowledge_engine/m23_7_r3_bounded_live_reobservation.py
current_p2publicfix7,393d4db8902828173fd07da93063ea9e9d13de4a60a92166cfb64ae3cedc545b,src/knowledge_engine/m23_benchmark_correction.py
current_p2publicfix7,0f1e05bec857d252ec4f6321e21ace99136c1568897ae767e77a6ac23a2747f7,src/knowledge_engine/m23_benchmark_correction_cli.py
current_p2publicfix7,b91a3e1f7d84925eb95f7c517bcef6d45d30556af529a47348599676b3069fc9,src/knowledge_engine/m23_benchmark_decision.py
current_p2publicfix7,fdf60ae2edafa3a1eb974aec473018d8a9d5ebbe42c0a3a8e1a938beca701fe6,src/knowledge_engine/m23_benchmark_evaluation.py
current_p2publicfix7,4ebe957f3be35456f55fd855743dd1088503fcfebecd2beab85aaf2a907035cd,src/knowledge_engine/m23_benchmark_offline.py
current_p2publicfix7,3cc1c16ebe53b192d4cc676d4a7090bc32b093b0c0caeef07806ae6311a36994,src/knowledge_engine/m23_candidate_release.py
current_p2publicfix7,10dd2d593ab039e7a1a9c25555bbb2cc4f7c1e5ab85f90e4c8ba3f6e95968b08,src/knowledge_engine/m23_candidate_semantic_runtime.py
current_p2publicfix7,1c4ef71cb8610dc696f69bef38309987f6e3db9be302be9b88660fa7c1ab1211,src/knowledge_engine/m23_cloudflare_qdrant.py
current_p2publicfix7,7024d7c1a60e14ab65eaa3827869bbe0e98cc84f072df41e52e2c6da6b8ff933,src/knowledge_engine/m23_cloudflare_qdrant_cli.py
current_p2publicfix7,a39b77507c6ef3a5bd81d81ac6c8e9f93ea26839bd1ac4de66fa1fd75d8c0572,src/knowledge_engine/m23_human_review_source_pr.py
current_p2publicfix7,4a3babe47a862b5b2228f9e043e15a426fac44066c37ed31d255b6d19e8d6d26,src/knowledge_engine/m23_human_review_source_pr_cli.py
current_p2publicfix7,d8f85b46cec3e6ac055b1d31be42a8b2d0031df4eb90a0767c27e1dcf25b9065,src/knowledge_engine/m23_incremental_ingestion.py
current_p2publicfix7,509915e1ca63ec315b4ad8c3e35084d46e41f9de7f9400688828a398a6ba7994,src/knowledge_engine/m23_live_intake.py
current_p2publicfix7,ead150ead2a238de920d29cf4e82383eb7538f74ef26afdfa4c1d6eefff38832,src/knowledge_engine/m23_live_intake_cli.py
current_p2publicfix7,295a5abd1200a1cba3a221fc3431f81899183cae7bf8aab444da997e3eaf2ad6,src/knowledge_engine/m23_pilot_authority.py
current_p2publicfix7,7e40d9760faedf7a25dbe833201b70641392d8c1c0d64990d63a18faa3807c19,src/knowledge_engine/m23_qdrant_first_upsert.py
current_p2publicfix7,6e7aa95d506529447d34f5a8f910791228741b6d51ab2c8a77aad72e267c1b24,src/knowledge_engine/m23_qdrant_pilot_ingestion.py
current_p2publicfix7,31be31b0cff3ca3d3b76ead11977b43a75c167474f6b971729f42bb930a53ec9,src/knowledge_engine/m23_qdrant_pilot_ingestion_cli.py
current_p2publicfix7,d504c533615e5139d87a75f51d5d6ef42328f4cf470e3db54d7130cbcdf6cedf,src/knowledge_engine/m23_qdrant_pilot_ingestion_real.py
current_p2publicfix7,b2c89f467245d5317e1029b030486fc79b9a965b7f0bb4033ca259380ab00368,src/knowledge_engine/m23_real_ai_extraction.py
current_p2publicfix7,5f266312f82e625db5f18372c80b9a24beeb96b15922f5d698f07a5550245a11,src/knowledge_engine/m23_real_ai_extraction_cli.py
current_p2publicfix7,e685796bca0f818c2c9157f1fc19870639f836f30266a856a3419c0861978691,src/knowledge_engine/m23_real_data_baseline.py
current_p2publicfix7,49c31e7718fb14ac01df6f3ec1f0cea54bb451a756e65b7058dd1b4a32947ecd,src/knowledge_engine/m24_14_6_authenticated_performance.py
current_p2publicfix7,864c9d1294fc5305fe556b86fd7ff97911f8dbc5385adf31ce31e685457f0eb5,src/knowledge_engine/m24_14_6_final_closure_seal.py
current_p2publicfix7,2c88748d27aabb3e1cfe4fb8e2c8fd90e8e5f51840eae14a1c9bdaf46b6da146,src/knowledge_engine/m24_14_obsidian_vault_zip.py
current_p2publicfix7,a5ac56800420f1e05c6ee21b188532e6bd0ec2a9882ecb6d453aed244b72d0d1,src/knowledge_engine/m24_14_product_app_shell.py
current_p2publicfix7,657bfb47d2b62fa021cc203d5b61d7cc7cfd8bfa3e720b970213422a02aab0cb,src/knowledge_engine/m24_14_product_surface_usability.py
current_p2publicfix7,f9a2a3ec06b1d7e09426c181801257ee48905e123579593e79f7b9703621326b,src/knowledge_engine/m24_14_sigma_graph_explorer.py
current_p2publicfix7,2a36197bb417a6694ce3164eb3f9988f79670d8232203821cc7975cab741d6b2,src/knowledge_engine/m24_authenticated_live_url_binding.py
current_p2publicfix7,f3e0e4d6c726f0b71a060a03a81d6f7af7d27b48bf8a7d844384ed3892e987e2,src/knowledge_engine/m24_concept_wiki.py
current_p2publicfix7,3952cb945a6ad27543298987ac8c36be74679928c118a67c504f39307d9cf272,src/knowledge_engine/m24_controlled_ingestion_pilot.py
current_p2publicfix7,5f7b0fa2291e23c7a61be28f0a7520b5cf2558c9cb95e94ff84ab21ba1e4adf6,src/knowledge_engine/m24_final_product_closure.py
current_p2publicfix7,93f44877f25e233323bc2f5fc81c9b8734c4c08ea32df42f241588e929ead267,src/knowledge_engine/m24_graph_navigation.py
current_p2publicfix7,95d9a58bc01527bda97db2e91792980d547db35751b5358545b284b1d2d7fdd5,src/knowledge_engine/m24_internal_product_deployment.py
current_p2publicfix7,6a59b9fac5d70ca6f1b884434a76655162384abb76d96451866da71400b82ebe,src/knowledge_engine/m24_live_url_attempt.py
current_p2publicfix7,074a73c11474308c9c15f5af2a96fa90748487d3d608fda00e842c348119b35f,src/knowledge_engine/m24_live_url_readiness.py
current_p2publicfix7,b40901bf3ac65677d5cd83b35800cfefd85a2f3a3fe6c6cee09aa5bc7e8955b9,src/knowledge_engine/m24_obsidian_exporter.py
current_p2publicfix7,f34cb57920d0deefa76c27c2b9ee280695cbbfd243dcb8befb4f65e612a50622,src/knowledge_engine/m24_product_surface_integration.py
current_p2publicfix7,4edc6746aef8b9c55499a1ef8e23708a801250ae112a5b0ac38c6c424325d599,src/knowledge_engine/m24_query_answer_acceptance.py
current_p2publicfix7,f24c9dcbcc329aa28c76db2f434539333cd98be380f08bab589a06d080172234,src/knowledge_engine/m24_semantic_hybrid_runtime.py
current_p2publicfix7,2e4df16b19b456e6c341b971be8550a689ae40da0e02d23e5eea27c4083aa91a,src/knowledge_engine/m25_adoption_release.py
current_p2publicfix7,fa32864263c195032312abe5a267f1050f1814cb74f52535c481551ae345ac0c,src/knowledge_engine/m25_adoption_release_cli.py
current_p2publicfix7,1e11d533c571a54d7f5e9807ccaf58f181f88c6a2f486c11fc4a01ad90c3af5e,src/knowledge_engine/m25_blog_candidate_release.py
current_p2publicfix7,1ba1a43a91ad0119fbb485f90b1a412d8a8253d54e3653ccdbbfb5db5ca46311,src/knowledge_engine/m25_blog_live_candidate.py
current_p2publicfix7,b9244081048c02f73862e37a1059699e44a29595e9751de851e60536bf876a03,src/knowledge_engine/m25_blog_pilot.py
current_p2publicfix7,f08e0b98c613964198e959412f66f6c225b47fd55bec27fe599a065a6f8aada3,src/knowledge_engine/m25_blog_pilot_batch_b.py
current_p2publicfix7,64e150ddcca83d5bb81d91564713477d122a2254b336526aa03f980f85f9157b,src/knowledge_engine/m25_blog_production_promotion.py
current_p2publicfix7,ce7ff41a3450c4f12ccf0d7864d80b96d8e705375599715591512a651454ee8e,src/knowledge_engine/m25_blog_series_convergence.py
current_p2publicfix7,e2fa0fb58b61c9e20905eef6f06a455fe99c0e300d04c9bc8c2b724709ba2ab9,src/knowledge_engine/m25_controlled_pilot.py
current_p2publicfix7,0ddf6f4b50d525024958e93ec751ae09699b18d41a517173b8e73352a298094e,src/knowledge_engine/m25_controlled_pilot_cli.py
current_p2publicfix7,d315468057a31d8f922e4b7314ff2ca986dea4152ae5f8bc865ab6f8320b0953,src/knowledge_engine/m25_controlled_pilot_common.py
current_p2publicfix7,da0c9bf20e5735492f99beeeff77b71e4d884923ae7be3a995e86773ee8ba95b,src/knowledge_engine/m25_controlled_pilot_inventory.py
current_p2publicfix7,d93b95c14d9656d77e99a4607c477186e14c8806a120a72d7ea0cef3d5f30c56,src/knowledge_engine/m25_controlled_pilot_run.py
current_p2publicfix7,d793d32d449fa5afb8b6be1179e8fece16efb73dbf87203d78126c4614e03b1c,src/knowledge_engine/m25_extraction_cli.py
current_p2publicfix7,ac3a1ee49e7b095c5554932d1f45dc27564a87e958c3e10902e2169dca51cf08,src/knowledge_engine/m25_extraction_common.py
current_p2publicfix7,39125c3d710f6e7930ce8f766ae9af4a86111dfc2f3ffdfd7dc1ad71621f7c5a,src/knowledge_engine/m25_extraction_inputs.py
current_p2publicfix7,64fb1e161c08feca030542c2c478d234c10e8f7c8479d885cd32ba57c00bddfc,src/knowledge_engine/m25_extraction_provider.py
current_p2publicfix7,9fdf5383b09be13ae00921903a59fb2a791ed39fc89ee486d7126f92e47c2acd,src/knowledge_engine/m25_extraction_worker.py
current_p2publicfix7,299480e228ffda7b9c704f264b0a622edde03a0e24f9f42e694f64e35b198e44,src/knowledge_engine/m25_formal_closure.py
current_p2publicfix7,0e0b82345b0ef2d2dbb3a8f1bc55274cb0263fa3798ccea4f6e5c5ed02c7759b,src/knowledge_engine/m25_identity_benchmark.py
current_p2publicfix7,5d05f4b02fb48f78796733e218dee302b3aa0dac2e17f6d77e4d3ed5dcf907e0,src/knowledge_engine/m25_identity_benchmark_cli.py
current_p2publicfix7,49cd14f62be2199c0fadec9277753adf6d95a409d714d28870019e13405711fe,src/knowledge_engine/m25_identity_governance.py
current_p2publicfix7,09e9c0bce6ee081ae581ad1839ee63f433f8cf10364b5b65e655d6478c1e271a,src/knowledge_engine/m25_identity_governance_cli.py
current_p2publicfix7,05c7defe2571e7cacd5a50453ee31b42cd65b6a5a8e0feb1f1195232a0480092,src/knowledge_engine/m25_intake_adapters.py
current_p2publicfix7,61be4ecd4b680c3a3cdfd22c4932a88e03b838fa648ec2166726b705068b807e,src/knowledge_engine/m25_intake_batch.py
current_p2publicfix7,9976fc4aedd9be2e7298f6dee3132deae2ac5f25398d40f327ca83dabb5aa8fc,src/knowledge_engine/m25_intake_common.py
current_p2publicfix7,4aac0fa5e202dce3c0c35d5c3779d26905fce894136220c1f6809d43beb1a73f,src/knowledge_engine/m25_intake_compat.py
current_p2publicfix7,c9c935f1b5313be9285de653a1470582546f3d5022c505dee990bb72b1a81767,src/knowledge_engine/m25_intake_inventory.py
current_p2publicfix7,69d35f1d9c418f405b1ec512f988a0f7a24f86d5c89336758649ed5dad0a49f8,src/knowledge_engine/m25_intake_orchestrator.py
current_p2publicfix7,857f6e83aae77a0ff017314c38a8d97e6a40445f0f1688f69fef16d774d45edc,src/knowledge_engine/m25_intake_orchestrator_cli.py
current_p2publicfix7,9ca2fb55fd8ac1d7338fc821f996ad0f52ab3545e177af1c7151bd78db773c09,src/knowledge_engine/m25_intake_persistence.py
current_p2publicfix7,c63cd454b8f780479b016afe11de2238ac1f07b60ead0afca3711808a59972cc,src/knowledge_engine/m25_intake_registry.py
current_p2publicfix7,59f6915b89b3c7e0e87e73816224a453bc988cd422ab72194306222b03326dee,src/knowledge_engine/m25_intake_state.py
current_p2publicfix7,ebb1f8340aff61d8ad50c4dbad39ae59f563771606ee43e2bd7de2077ef57ef4,src/knowledge_engine/m25_reconciliation.py
current_p2publicfix7,699e2421252447c783b90be8574f5af73de688ef7bf3e6b2cb259f91a1c08404,src/knowledge_engine/m25_review_demo.py
current_p2publicfix7,a1b66317e8961104b0db2fd92fbd92aed0cc9cd1281aa0381a925070e39c54b5,src/knowledge_engine/m25_review_surface.py
current_p2publicfix7,86bf92e344ebd288c6280c0d139d7582cd4d8aa8c4955e6ac9c9d6f167cdc9a5,src/knowledge_engine/m25_review_surface_cli.py
current_p2publicfix7,4d0017285e052dbddf9094bb37d75739ac5cba44e9f4b5b5abce9515c7996395,src/knowledge_engine/m25_source_pr_executor.py
current_p2publicfix7,c1d30ffbff0d4c9592a8c266b2badceb168a0f8f0f7ab8424855b66cae3b92f0,src/knowledge_engine/m25_source_pr_executor_cli.py
current_p2publicfix7,a78dc4baa83bee2736168cf13fb1635c64c45c42ffb6b2643a9f70a961b54437,src/knowledge_engine/m26_answer_evaluation.py
current_p2publicfix7,9e66fdcb4d76253dfc554cf2919a276105e6144b3cb7e72d7995af56900302c8,src/knowledge_engine/m26_answer_presentation.py
current_p2publicfix7,a938a061cee1d11adbbc0cbf84fcaf428e1e9ce48d5ce59df2db78a3cfba93e1,src/knowledge_engine/m26_aq_final_recovery_runtime_guard.py
current_p2publicfix7,54bf6bc965811ab2e1f8d787ca14124bc24f6b586e50499db003baa40f930d3d,src/knowledge_engine/m26_aq_final_universal_recovery_patch.py
current_p2publicfix7,f4c1e71b97820e140a9cead8007fdf811a26c743eb8c010e3a9c1e67c23c63b3,src/knowledge_engine/m26_aq_semantic_contract.py
current_p2publicfix7,e805a54b265877b7d3b5b3b551c77890f1ea70e91b17b5d7ce9e65fb5c1c46c5,src/knowledge_engine/m26_aq_semantic_runtime_patch.py
current_p2publicfix7,c4d5c18b22d241e355bef5e91982d168c219200d0e706da0e5faef32e6c2fd73,src/knowledge_engine/m26_aq_semantic_runtime_patch_v2.py
current_p2publicfix7,825309ba9be1cb716a6f263adcb918462ffed700f58884c999b9943c472df493,src/knowledge_engine/m26_aq_semantic_runtime_patch_v3.py
current_p2publicfix7,bf5f51f753c91db4e6dac19612d788c77dcfdf891149a19e9667d79335031d3e,src/knowledge_engine/m26_aq_semantic_runtime_patch_v3_lifecycle.py
current_p2publicfix7,329a510b2dadcd43a37c41ce009f9112270a405f9c9fc7be8c2a4ccbffb8ae96,src/knowledge_engine/m26_aq_semantic_runtime_patch_v3_surface.py
current_p2publicfix7,4a16c8c1e8216bc799e8e19cb43972842da0815e83455fd2596c88cd28bbd65f,src/knowledge_engine/m26_aq_universal_answerability_patch.py
current_p2publicfix7,0cb99024156c0827ef4f2c83281825a6218aefbaf11b17e681d6a1322f6b6958,src/knowledge_engine/m26_ask_api.py
current_p2publicfix7,ce63b3930ee60302d7bacce62aa3c51f8cb75920b3262b9a47e9e1bd046bbede,src/knowledge_engine/m26_canary_slo_rollback.py
current_p2publicfix7,a02815d1e2ec17ef5c4f73a2853fbd474567d097da958c5848d46a8de2a3e9d4,src/knowledge_engine/m26_candidate_qa_feedback.py
current_p2publicfix7,7cfe4344b4b21a773908618ff21cf217277c632432a49177d5db7ea6176ef7c1,src/knowledge_engine/m26_cloudflare_provider_router.py
current_p2publicfix7,c8f4b07fade25478bf20aaeaedf3b21ca1230b501df965b9ace969a1d6f6f957,src/knowledge_engine/m26_context_compiler.py
current_p2publicfix7,390fcdcd4cc04f32b00268fdbdb4c51d79988b036fd66ff0caebe41ee55aea88,src/knowledge_engine/m26_draft_answer.py
current_p2publicfix7,e6ae45ed77ca6b467c0d86102891d6d27b86a5cdce557ba6d0953bb50937c67c,src/knowledge_engine/m26_final_authority_gate.py
current_p2publicfix7,03f4c98bdda3f2e514713f68dcdb535f70020b0ad9fcc31b6636601f2c44ecae,src/knowledge_engine/m26_google_translation_provider.py
current_p2publicfix7,2b4b7211ad4e761d8b169b1dcf6418f7883b52f9c1beb38f76bb42605f0f9b69,src/knowledge_engine/m26_governance_reconciliation.py
current_p2publicfix7,214dc57ee4b4760f01f2d2f90df17ccae324ea5b0b01c3ab1dd8ab68100fd367,src/knowledge_engine/m26_intent_compat.py
current_p2publicfix7,f905a9d498357196b6eecef28cb165b7edfec752d751f2acfe97cc172c15622d,src/knowledge_engine/m26_multilingual_canonicalization.py
current_p2publicfix7,3c85631bf53c814cbeb7d5e175aacce3bf58865e644fd9fe8cf8bafb9c2cb148,src/knowledge_engine/m26_multilingual_equivalence.py
current_p2publicfix7,c711cdd397097eef3e03cfabe1f1f332d2c7af31f94e4444502aea367c975a58,src/knowledge_engine/m26_multilingual_language_envelope.py
current_p2publicfix7,cb65fac51516b9affb0661f14e6a282f94c0ee69bdd59ebf5d4d7c183bf90ea9,src/knowledge_engine/m26_multilingual_observability.py
current_p2publicfix7,a4e42b0394a5ea1ae3e10e05f76079383fef6193c466dbf964aa6352ea4f3d88,src/knowledge_engine/m26_multilingual_provider_adapter.py
current_p2publicfix7,54aa905aaf56101166c8df65d849646b245fe5c8a5b632c9537e6dc1e15fe22d,src/knowledge_engine/m26_multilingual_public_api.py
current_p2publicfix7,0634669341897759931ee2d89baef2c1f14c1088486790991c667f75635383e2,src/knowledge_engine/m26_multilingual_publication_adapter.py
current_p2publicfix7,5ee96371a98feacca5c1e2956c0a1e8f0a3a03354858fb5b72fe5f342441f5e3,src/knowledge_engine/m26_multilingual_retrieval_adapter.py
current_p2publicfix7,8562a8d7759835abe1223c515d22f86b9482936b83a7ff7b2b21028b5c9699f5,src/knowledge_engine/m26_multilingual_runtime.py
current_p2publicfix7,aaf81162f7369fd13e59db3f3911264e53c23ecafefb33767293480d4a8c9d9f,src/knowledge_engine/m26_multilingual_semantic_spine.py
current_p2publicfix7,4aa2c442bb5488b67b1a81d8e37069fad3263c684f065f6e5f2e77137b91bf2d,src/knowledge_engine/m26_multilingual_staging_dependencies.py
current_p2publicfix7,fbae96c8a7a1dc4ec36f8882e0769cdb982baac24c267d3afc9911723216bf0f,src/knowledge_engine/m26_multilingual_verified_claim_spine.py
current_p2publicfix7,409989950e191291cf4f6d5512599fc3d3139527815820b8171690870a941585,src/knowledge_engine/m26_pa5_controlled_internal_pilot.py
current_p2publicfix7,aba228043e17cdfdc09f3fe0a6c75d4a5002427057bb71295b20e872af93b7b9,src/knowledge_engine/m26_pa5_live_execution.py
current_p2publicfix7,ad32c15d650e51d89f0de60f4a05626f84ba1a98fb5b90e5d92b324c38c72124,src/knowledge_engine/m26_pa5_population_freeze.py
current_p2publicfix7,05a45264228f6413c1acf0eff5ee46c32a2df33757a9880312c0cb06a558a332,src/knowledge_engine/m26_pa5_v8_calibration.py
current_p2publicfix7,6e49986fb1b482df89d5181fbf8b032a1a0cee5f134c553a713ff3a194df7d3d,src/knowledge_engine/m26_pa5_v8_formal.py
current_p2publicfix7,91ffbfa8113548cbee1190ac9b2196524acd364f2c95029a06a66f26fb0c3060,src/knowledge_engine/m26_pa5_v8_live.py
current_p2publicfix7,1f3ed3251a23fdf905799302de892fb11e1515ac6e29b2036fb1a0bc7ff0dc79,src/knowledge_engine/m26_pa5_v8_runtime.py
current_p2publicfix7,3dde6c69ee51564378d9743cd24d5729cf7374573691249a1128740c60c03b09,src/knowledge_engine/m26_pa7_arbitrary_query_runtime.py
current_p2publicfix7,589d8f3d6cda9383314c6d5450734bf4f4eeabea9ca7bc5b1aa10862f9ec7b44,src/knowledge_engine/m26_pa7_final_web_readiness.py
current_p2publicfix7,a59302c137093768f098bce2954b5956f76306ca4f815b42517ccc17be9c866e,src/knowledge_engine/m26_pa7_query_cli.py
current_p2publicfix7,796f4a982429beee70a403cf2a523bf8f90d03c926f39191ec35fc6a61fd4848,src/knowledge_engine/m26_pa7_semantic_closure_runtime.py
current_p2publicfix7,b4aea330a0f42a9e29ba4f7a615fc1d006f4ed2b8f14ac261fda5260cc21d64a,src/knowledge_engine/m26_preview_candidate_bundle.py
current_p2publicfix7,d687b4ccd0fe11b51ef0887a604f4451bf99eac8f70d43fa23d09bb60b4c5f0c,src/knowledge_engine/m26_production_answer_bundle.py
current_p2publicfix7,f2bab19e3d935ab2d18cc61a9353e6eccd26709e5a03b9bb2cdda2aaa7812740,src/knowledge_engine/m26_production_api.py
current_p2publicfix7,3a7b724ae9352ec52fdc1ce85dcff92309cfe47f0fbe4a57f85d3bd2a8933ebd,src/knowledge_engine/m26_production_authority.py
current_p2publicfix7,7b7c128333fa1a05cbdd3a85eb4b5b62b51cd4ed86b0153422b4c4ce855d3c0f,src/knowledge_engine/m26_production_promotion_closure.py
current_p2publicfix7,6b49730c19f001dfe4431ea25d577301a74885df454487a9eea9a7a749b8f11e,src/knowledge_engine/m26_provider_mock.py
current_p2publicfix7,ebc6e264046a7a9c33e2edf9571c88e59950961abf6a97bfea71a07fbf96f407,src/knowledge_engine/m26_public_api.py
current_p2publicfix7,dcb85928112bd043c236491249b331fb131b64de4e422b52522715e3b8719274,src/knowledge_engine/m26_public_api_execution_truth.py
current_p2publicfix7,871e1ad3ca4f49d3498b4d5a5acf5ce7bfd1c84f688895c9507adf71a2f0308a,src/knowledge_engine/m26_real_corpus_binding.py
current_p2publicfix7,090c1fd52dd84ed565528c7f78521d957fd57a71af7f81772c6aa6a352d6d661,src/knowledge_engine/m26_retrieval_envelope.py
current_p2publicfix7,85766fc358a2c11347459f9b758d137731a42722fbe8746aa103536c544eab91,src/knowledge_engine/m26_retrieval_envelope_cli.py
current_p2publicfix7,d10ca7e92aa277eab8d393a0090fdd3d1af122490543744e9885fede4983e977,src/knowledge_engine/m26_sealed_kernel_trace.py
current_p2publicfix7,cfe022d7872c0b2b028a74c508e04fbfbc50ad1b61192cd98e4f4a9e9b876af1,src/knowledge_engine/m26_translation_gateway.py
current_p2publicfix7,93966324608810dff11923de3f6d176384e42320000ef100300752a6c5cca5b4,src/knowledge_engine/m26_translation_gateway_public_api.py
current_p2publicfix7,a925ddaa756a60d7031936c0671c45b23893fa38d205722557bd1d98ad5c387c,src/knowledge_engine/m26_translation_invariants.py
current_p2publicfix7,716fbef1b53eb06f62ff47a96adfb10c70b4f50db30a2f01107def99a09e4708,src/knowledge_engine/m26_verified_answer_citation_gate.py
current_p2publicfix7,faa32b0e71615cb54955708def3ff7765ad54a00d5c241f53c0c7668917a95b0,src/knowledge_engine/media_bundle.py
current_p2publicfix7,2791bd6f0ce29498814eee7ccb3fa2440d5aef396020e28743b1dc2587d6bfdc,src/knowledge_engine/media_intake.py
current_p2publicfix7,a810d5dfe80458cc3b2f99bec924fe8e7cea038920c6c407105cd029f6dfa72f,src/knowledge_engine/meeting_bundle.py
current_p2publicfix7,3e80311382f827b3a443a1a0e39f13e504764bad2e3179c1813a176423302ed4,src/knowledge_engine/meeting_intake.py
current_p2publicfix7,ae8332977cb73df231bf7e93b9434c2fa11fbc6a277a6a0b7aeef236b7c5e629,src/knowledge_engine/operator_preflight.py
current_p2publicfix7,75e83bf975506a3a1416b17847d6d9c06c5fdef005f6cc196e2c03389f7aae33,src/knowledge_engine/pdf_intake.py
current_p2publicfix7,7c31ac1193bcae14895eb39c3ac8faf1f0c5578224013a2b58a40cb79da75189,src/knowledge_engine/pdf_parser_worker.py
current_p2publicfix7,ad9e7b231fb247491c7b026df92e63b026f3bd6bd0cb838a054312353858fb94,src/knowledge_engine/promotion.py
current_p2publicfix7,683912490c3d6de49b2732965d0c7f3c208a5e6e515259fb275310757c64c291,src/knowledge_engine/promotion_approval.py
current_p2publicfix7,d1a3c7c0321adc8fff2cd1af40015e636cb01d0e939fa534e3642adac26dfabc,src/knowledge_engine/promotion_approval_history.py
current_p2publicfix7,102eafed83ce3a3301d3495a1b8207a59bede73cd95c28776c24d2aa8c7b7311,src/knowledge_engine/promotion_request.py
current_p2publicfix7,7b4eeea10cc8d375395202731bc1c573caf242218e89e1758677249c7a9e4aee,src/knowledge_engine/public_verified_answer.py
current_p2publicfix7,832d6a4755773d2a6dead96542bd7142ff59c81ff84d615d4722676d6b24d673,src/knowledge_engine/publisher.py
current_p2publicfix7,c2cce1cb5a8e8424048412cffe91273fb902aea1973d81e7bc7aedef072be506,src/knowledge_engine/query_evaluation.py
current_p2publicfix7,04dc3634411658b408721ed65f5511aad5a5bbe02c75e80673decdfd4f9f642a,src/knowledge_engine/release_checks.py
current_p2publicfix7,52e71b1f99f4f067bbdbfb953737a59864357bbcd48aac5857fe2b445793cc2f,src/knowledge_engine/release_control.py
current_p2publicfix7,cd390aacf9444a3394c2464f37076db92cc4aea458998a3459ae6b2b893b5ca0,src/knowledge_engine/release_quality_gate.py
current_p2publicfix7,296a7605b96ea4e87601678f4060982f03500a1ec77678d48200b5d12c1fa3c2,src/knowledge_engine/resolution.py
current_p2publicfix7,a570446b9d81f0fe4cb8339d0a490499d1d418dfdb4e7b835b21a278d378dac0,src/knowledge_engine/resolution_cli.py
current_p2publicfix7,f88f75d22012f90bb8cae56d44a0ca3354c7efc214bc808ca211ac5353adcde2,src/knowledge_engine/retrieval_citation_metrics.py
current_p2publicfix7,e2ab7e8c36524a773619b5cdeeb99f7684787ae80b7e491a8947cdc10f5af9ff,src/knowledge_engine/retrieval_citation_metrics_v2.py
current_p2publicfix7,97d1e43f84fb222601cac0ab6b96b6547382e2ec16b1f11b037f962dfc6a50a4,src/knowledge_engine/review.py
current_p2publicfix7,e0661db631a35c6153ff7cb08a053a6e6346ca9e5a373d42df9b6a6c38a98d0f,src/knowledge_engine/review_cli.py
current_p2publicfix7,3cef63e5630b6cfc400edef5c8e4d38f00030027cf245cbcc16c6a04b25e43c8,src/knowledge_engine/runtime.py
current_p2publicfix7,7b4e7e8a280d6c4f746c9748e57810e865bc49763ae49c7868122e12ceca5096,src/knowledge_engine/scale_readiness.py
current_p2publicfix7,6daebda486f34611e58439954cafae8f14c136e28eb1dc7fe532a431483c5614,src/knowledge_engine/source.py
current_p2publicfix7,133a965e05fe29601098c5d7401ee6d7f51759409433e8ee61e31e6e0fb933c8,src/knowledge_engine/storage.py
current_p2publicfix7,03b09308c8cbcbeeeece7e5d6e19e110d8ec9fe8ece60000968d7e4d0ea5d0e3,src/knowledge_engine/synthesis.py
current_p2publicfix7,cae67fda5657529819f1ab4385d589af83d4e22e18a255b4f58ee4faaf8454c7,src/knowledge_engine/synthesis_cli.py
current_p2publicfix7,201114e921cb4100d9773d4e091b8a47e3a998893a01776b5ac2f2984647c47d,src/knowledge_engine/web_intake.py
current_p2publicfix7,595819d4a84d87df36b39f767a727bcab26c4f69735ca63a11d43d2bce67a183,src/knowledge_engine/web_intake_v1.py
